Workbook

Sheet Read me
A1: GCC Market Report: Saudi Arabia
A2: Snapshot of the SFDA public Drugs List taken 2026-10-18: 8,207 products; 338 followed in the classes MSD competes in.
A3: Yellow cells are inputs. Everything else is a formula over the Products sheet: paste next month's products there and the pack recalculates.
A4: Price per unit = public pack price / pack size (a tablet, capsule, vial or pen). The riyal is pegged to the dollar; the rate is an input.
A5: US prices are the pharmacy acquisition cost (NADAC) per tablet, from Drug Price Watch; they are not net prices.
A6: An independent analysis of public data, not produced or endorsed by MSD or any company named.

Sheet Inputs
A1: Saudi riyals per US dollar | B1: 3.75
A2: Change the yellow cell; every USD figure follows.

Sheet Products
A1: Class | B1: Class name | C1: Ingredient | D1: Trade name | E1: Strength | F1: Unit | G1: Form | H1: Pack size | I1: Price SAR | J1: Price per unit SAR | K1: Price per unit USD | L1: Role | M1: Marketing company | N1: Local agent | O1: Registration no.
C2: LINAGLIPTIN | D2: OLPUNTRAMET | E2: 850,2.5 | F2: mg | G2: Film-coated tablet | H2: 60 | I2: 123.3 | J2: =IF(H2>0,I2/H2,"") | K2: =IF(J2="","",J2/Inputs!$B$1) | L2: Generic or other | M2: ALPHA PHARMA INDUSTRY | N2: Alpha Pharma Industry | O2: 1105269639
C3: LINAGLIPTIN | D3: OLPUNTRAMET | E3: 1000,25 | F3: mg | G3: Film-coated tablet | H3: 60 | I3: 130.9 | J3: =IF(H3>0,I3/H3,"") | K3: =IF(J3="","",J3/Inputs!$B$1) | L3: Generic or other | M3: ALPHA PHARMA INDUSTRY | N3: Alpha Pharma Industry | O3: 1105269640
A4: A01BX | C4: CANAGLIFLOZIN | D4: INVOKANA 100 mg film-coated tablet | E4: 100 | F4: mg | G4: Film-coated tablet | H4: 30 | I4: 159 | J4: =IF(H4>0,I4/H4,"") | K4: =IF(J4="","",J4/Inputs!$B$1) | L4: Originator | M4: JANSSEN PHARMACEUTICA N.V | N4: Farouk, Maamoun Tamer & CO | O4: 0703221821
A5: A01BX | C5: CANAGLIFLOZIN | D5: INVOKANA 300 mg film-coated tablet | E5: 300 | F5: mg | G5: Film-coated tablet | H5: 30 | I5: 159 | J5: =IF(H5>0,I5/H5,"") | K5: =IF(J5="","",J5/Inputs!$B$1) | L5: Originator | M5: JANSSEN PHARMACEUTICA N.V | N5: Farouk, Maamoun Tamer & CO | O5: 2106222241
A6: A02BC | C6: SITAGLIPTIN | D6: GLIPTEN 100MG F.C. TABLET | E6: 100 | F6: mg | G6: Gastro-resistant tablet | H6: 15 | I6: 98.2 | J6: =IF(H6>0,I6/H6,"") | K6: =IF(J6="","",J6/Inputs!$B$1) | L6: Generic or other | M6: ACINO PHARMA AG | N6: Cigalah GroupAcino Arabia for trading LLC | O6: 2801256767
A7: A04AA | C7: NETUPITANT | D7: AKYNZEO 300 mg/0.5 mg hard capsules | E7: 300,0.5 | F7: mg | G7: Capsule, hard | H7: 1 | I7: 306.7 | J7: =IF(H7>0,I7/H7,"") | K7: =IF(J7="","",J7/Inputs!$B$1) | L7: Originator | M7: Helsinn Birex Pharmaceuticals Ltd | N7: Cigalah Group | O7: 1303257068
A8: A04AD | B8: Other antiemetics | C8: APREPITANT | D8: ENEVOM 80 MG CAPSULE | E8: 80 | F8: mg | G8: Capsule, hard | H8: 1 | I8: 79.05 | J8: =IF(H8>0,I8/H8,"") | K8: =IF(J8="","",J8/Inputs!$B$1) | L8: Generic or other | M8: MS PHARMA for Pharmaceuticals | N8: Cigalah Group | O8: 3004257315
A9: A04AD | B9: Other antiemetics | C9: APREPITANT | D9: ENEVOM 125 MG CAPSULE | E9: 125 | F9: mg | G9: Capsule, hard | H9: 1 | I9: 79.05 | J9: =IF(H9>0,I9/H9,"") | K9: =IF(J9="","",J9/Inputs!$B$1) | L9: Generic or other | M9: MS PHARMA for Pharmaceuticals | N9: Cigalah Group | O9: 3004257316
A10: A04AD | B10: Other antiemetics | C10: APREPITANT | D10: Fosaprepitant SPC | E10: 150 | F10: mg | G10: powder for solution for injection | H10: 1 | I10: 200 | J10: =IF(H10>0,I10/H10,"") | K10: =IF(J10="","",J10/Inputs!$B$1) | L10: Generic or other | M10: SUDAIR PHARMA COMPANY | N10: SUDAIR PHARMA COMPANY | O10: 0902210504
A11: A07AA | B11: Intestinal anti-infectives | C11: FIDAXOMICIN | D11: DIFICLIR 200 mg Film Coated Tablet | E11: 200 | F11: mg | G11: Film-coated tablet | H11: 20 | I11: 5677.5 | J11: =IF(H11>0,I11/H11,"") | K11: =IF(J11="","",J11/Inputs!$B$1) | L11: Originator | M11: Tillotts Pharma GmbH | N11: ALHAYA MEDICAL CO | O11: 0305233586
A12: A07CA | C12: LINAGLIPTIN | D12: GLYXAMBI | E12: 10,5 | F12: g | G12: Powder for oral solution in sachet | H12: 10 | I12: 226.05 | J12: =IF(H12>0,I12/H12,"") | K12: =IF(J12="","",J12/Inputs!$B$1) | L12: Generic or other | M12: National Pharmaceutical Industries Co SAOC | N12: ZIMMO TRADING ESTABLISHMENTEBRAHIM M. ALMANA & BROS. CO. | O12: 2710246117
A13: A07CA | C13: VILDAGLIPTIN | D13: VILTIN 50 MG TABLET | E13: 50 | F13: g | G13: Powder for oral solution in sachet | H13: 50 | I13: 66.5 | J13: =IF(H13>0,I13/H13,"") | K13: =IF(J13="","",J13/Inputs!$B$1) | L13: Generic or other | M13: National Pharmaceutical Industries Co SAOC | N13: ZIMMO TRADING ESTABLISHMENTEBRAHIM M. ALMANA & BROS. CO. | O13: 0406269864
A14: A10BA | C14: SITAGLIPTIN | D14: Glycimille | E14: 850/50 | F14: mg | G14: Film-coated tablet | H14: 60 | I14: 90.6 | J14: =IF(H14>0,I14/H14,"") | K14: =IF(J14="","",J14/Inputs!$B$1) | L14: Generic or other | M14: Pharco International pharmaceutical company | N14: Pharco International pharmaceutical companyCigalah Group | O14: 1506257555
A15: A10BA | C15: SITAGLIPTIN | D15: Glycimille | E15: 1000,50 | F15: mg | G15: Film-coated tablet | H15: 60 | I15: 93.85 | J15: =IF(H15>0,I15/H15,"") | K15: =IF(J15="","",J15/Inputs!$B$1) | L15: Generic or other | M15: Pharco International pharmaceutical company | N15: Pharco International pharmaceutical companyCigalah Group | O15: 1202269140
A16: A10BA | C16: SITAGLIPTIN | D16: Xitamet | E16: 850,50 | F16: mg | G16: Film-coated tablet | H16: 56 | I16: 88 | J16: =IF(H16>0,I16/H16,"") | K16: =IF(J16="","",J16/Inputs!$B$1) | L16: Generic or other | M16: AJA PHARMACEUTICAL INDUSTRIES | N16: AJA PHARMACEUTICAL INDUSTRIES | O16: 0306257537
A17: A10BA | C17: SITAGLIPTIN | D17: Sitagliptin/Metformin Cooper | E17: 850,50 | F17: mg | G17: Film-coated tablet | H17: 60 | I17: 94.3 | J17: =IF(H17>0,I17/H17,"") | K17: =IF(J17="","",J17/Inputs!$B$1) | L17: Generic or other | M17: Cooper Pharma Arabia | N17: ARAC HEALTHCARE | O17: 2811258675
A18: A10BA | C18: SITAGLIPTIN | D18: SITagliptin - MetFORMIN Cooper | E18: 1000,50 | F18: mg | G18: Film-coated tablet | H18: 60 | I18: 97.7 | J18: =IF(H18>0,I18/H18,"") | K18: =IF(J18="","",J18/Inputs!$B$1) | L18: Generic or other | M18: Cooper Pharma Arabia | N18: ARAC HEALTHCARE | O18: 1002269116
A19: A10BA | C19: SITAGLIPTIN | D19: Xitamet | E19: 1000,50 | F19: mg | G19: Film-coated tablet | H19: 56 | I19: 91.2 | J19: =IF(H19>0,I19/H19,"") | K19: =IF(J19="","",J19/Inputs!$B$1) | L19: Generic or other | M19: AJA PHARMACEUTICAL INDUSTRIES | N19: AJA PHARMACEUTICAL INDUSTRIES | O19: 0306257538
A20: A10BA | C20: SITAGLIPTIN | D20: Sitavic XR | E20: 1000,100 | F20: mg | G20: Modified-release film-coated tablet | H20: 30 | I20: 126.5 | J20: =IF(H20>0,I20/H20,"") | K20: =IF(J20="","",J20/Inputs!$B$1) | L20: Generic or other | M20: Jamjoom Pharmaceuticals Factory Company | N20: JAMJOOM PHARMACEUTICALS CO. LTD. | O20: 1904269457
A21: A10BD | B21: Diabetes combinations | C21: ALOGLIPTIN | D21: VIPDOMET 12.5 mg/500 mg TABLETS | E21: 500,12.5 | F21: mg | G21: Film-coated tablet | H21: 56 | I21: 109.9 | J21: =IF(H21>0,I21/H21,"") | K21: =IF(J21="","",J21/Inputs!$B$1) | L21: Originator | M21: Jazeera Pharmaceutical Industries (JPI) | N21: Abdulrehman Algosaibi G.T.C. | O21: 2201233131
A22: A10BD | B22: Diabetes combinations | C22: ALOGLIPTIN | D22: VIPDOMET 12.5 mg/1000 mg TABLETS | E22: 1000,12.5 | F22: mg | G22: Film-coated tablet | H22: 56 | I22: 117.45 | J22: =IF(H22>0,I22/H22,"") | K22: =IF(J22="","",J22/Inputs!$B$1) | L22: Originator | M22: Jazeera Pharmaceutical Industries (JPI) | N22: Abdulrehman Algosaibi G.T.C. | O22: 2201233133
A23: A10BD | B23: Diabetes combinations | C23: ALOGLIPTIN | D23: INCRESYNC 25/15 mg Tablet | E23: 25,15 | F23: mg | G23: Tablet | H23: 28 | I23: 137.6 | J23: =IF(H23>0,I23/H23,"") | K23: =IF(J23="","",J23/Inputs!$B$1) | L23: Generic or other | M23: Jazeera Pharmaceutical Industries (JPI) | N23: Abdulrehman Algosaibi G.T.C. | O23: 0603245026
A24: A10BD | B24: Diabetes combinations | C24: ALOGLIPTIN | D24: CYERO 25/15 mg Tablet | E24: 25,15 | F24: mg | G24: Film-coated tablet | H24: 28 | I24: 137.6 | J24: =IF(H24>0,I24/H24,"") | K24: =IF(J24="","",J24/Inputs!$B$1) | L24: Generic or other | M24: BATTERJEE PHARMACETICAL FACTORY | N24: BATTERJEE PHARMACEUTICAL FACTORY | O24: 2705257465
A25: A10BD | B25: Diabetes combinations | C25: ALOGLIPTIN | D25: INCRESYNC 25/30 mg Tablet | E25: 25,30 | F25: mg | G25: Tablet | H25: 28 | I25: 159.75 | J25: =IF(H25>0,I25/H25,"") | K25: =IF(J25="","",J25/Inputs!$B$1) | L25: Generic or other | M25: Jazeera Pharmaceutical Industries (JPI) | N25: Abdulrehman Algosaibi G.T.C. | O25: 0603245025
A26: A10BD | B26: Diabetes combinations | C26: ALOGLIPTIN | D26: CYERO 25/30 mg Tablet | E26: 25,30 | F26: mg | G26: Film-coated tablet | H26: 28 | I26: 159.75 | J26: =IF(H26>0,I26/H26,"") | K26: =IF(J26="","",J26/Inputs!$B$1) | L26: Generic or other | M26: BATTERJEE PHARMACETICAL FACTORY | N26: BATTERJEE PHARMACEUTICAL FACTORY | O26: 2705257466
A27: A10BD | B27: Diabetes combinations | C27: DAPAGLIFLOZIN | D27: Depaxamet | E27: 5,1000 | F27: mg | G27: Film-coated tablet | H27: 30 | I27: 54.85 | J27: =IF(H27>0,I27/H27,"") | K27: =IF(J27="","",J27/Inputs!$B$1) | L27: Generic or other | M27: Pharco International pharmaceutical company | N27: Pharco International pharmaceutical companyCigalah Group | O27: 2704269537
A28: A10BD | B28: Diabetes combinations | C28: DAPAGLIFLOZIN | D28: Depaxamet | E28: 5,500 | F28: mg | G28: Film-coated tablet | H28: 30 | I28: 54.85 | J28: =IF(H28>0,I28/H28,"") | K28: =IF(J28="","",J28/Inputs!$B$1) | L28: Generic or other | M28: Pharco International pharmaceutical company | N28: Pharco International pharmaceutical companyCigalah Group | O28: 2704269535
A29: A10BD | B29: Diabetes combinations | C29: DAPAGLIFLOZIN | D29: Dapazin Met XR | E29: 5,1000 | F29: mg | G29: Modified-release film-coated tablet | H29: 28 | I29: 51.2 | J29: =IF(H29>0,I29/H29,"") | K29: =IF(J29="","",J29/Inputs!$B$1) | L29: Generic or other | M29: Jamjoom Pharmaceuticals Factory Company | N29: JAMJOOM PHARMACEUTICALS CO. LTD. | O29: 0110260613
A30: A10BD | B30: Diabetes combinations | C30: DAPAGLIFLOZIN | D30: Divinusmet | E30: 1000,5 | F30: mg | G30: Film-coated tablet | H30: 60 | I30: 119.4 | J30: =IF(H30>0,I30/H30,"") | K30: =IF(J30="","",J30/Inputs!$B$1) | L30: Generic or other | M30: Jazeera Pharmaceutical Industries (JPI) | N30: Jazeera Pharmaceutical Industries (JPI) | O30: 0206210763
A31: A10BD | B31: Diabetes combinations | C31: DAPAGLIFLOZIN | D31: XIGDUO XR 5 mg/1000 mg Film Coted Tablet | E31: 1000,5 | F31: mg | G31: Film-coated tablet | H31: 56 | I31: 128 | J31: =IF(H31>0,I31/H31,"") | K31: =IF(J31="","",J31/Inputs!$B$1) | L31: Originator | M31: AstraZeneca AB | N31: Saudi International Trading Company LTD | O31: 1309234197
A32: A10BD | B32: Diabetes combinations | C32: DAPAGLIFLOZIN | D32: Depaxamet | E32: 10,500 | F32: mg | G32: Film-coated tablet | H32: 30 | I32: 104.95 | J32: =IF(H32>0,I32/H32,"") | K32: =IF(J32="","",J32/Inputs!$B$1) | L32: Generic or other | M32: Pharco International pharmaceutical company | N32: Pharco International pharmaceutical companyCigalah Group | O32: 2704269534
... A226: A10BK | B226: SGLT2 inhibitors | C226: EMPAGLIFLOZIN | D226: Monzeva | E226: 10 | F226: mg | G226: Film-coated tablet | H226: 30 | I226: 135.15 | J226: =IF(H226>0,I226/H226,"") | K226: =IF(J226="","",J226/Inputs!$B$1) | L226: Generic or other | M226: SUDAIR PHARMA COMPANY | N226: SUDAIR PHARMA COMPANY | O226: 1308245764
A227: A10BX | C227: DAPAGLIFLOZIN | D227: DIVINUS 5 mg film-coated tablet | E227: 5 | F227: mg | G227: Film-coated tablet | H227: 30 | I227: 151 | J227: =IF(H227>0,I227/H227,"") | K227: =IF(J227="","",J227/Inputs!$B$1) | L227: Generic or other | M227: Jazeera Pharmaceutical Industries (JPI) | N227: Jazeera Pharmaceutical Industries (JPI) | O227: 2511246336
A228: A10BX | C228: DAPAGLIFLOZIN | D228: DIVINUS 10 mg film-coated tablet | E228: 10 | F228: mg | G228: Film-coated tablet | H228: 30 | I228: 151 | J228: =IF(H228>0,I228/H228,"") | K228: =IF(J228="","",J228/Inputs!$B$1) | L228: Generic or other | M228: Jazeera Pharmaceutical Industries (JPI) | N228: Jazeera Pharmaceutical Industries (JPI) | O228: 1911246258
A229: A10BX | C229: EMPAGLIFLOZIN | D229: JARDIANCE 10 mg film-coated tablet | E229: 10 | F229: mg | G229: Film-coated tablet | H229: 30 | I229: 159 | J229: =IF(H229>0,I229/H229,"") | K229: =IF(J229="","",J229/Inputs!$B$1) | L229: Originator | M229: BOEHRINGER INGELHEIM | N229: Cigalah Group | O229: 2810211247
A230: A10BX | C230: EMPAGLIFLOZIN | D230: JARDIANCE 25 mg film-coated tablet | E230: 25 | F230: mg | G230: Film-coated tablet | H230: 30 | I230: 159 | J230: =IF(H230>0,I230/H230,"") | K230: =IF(J230="","",J230/Inputs!$B$1) | L230: Originator | M230: BOEHRINGER INGELHEIM | N230: Cigalah Group | O230: 2810211246
A231: B05CB | C231: DAPAGLIFLOZIN | D231: FORXIGA 10 mg film-coated tablet | E231: 10 | F231: % | G231: Solution for injection | H231: 1 | I231: 159 | J231: =IF(H231>0,I231/H231,"") | K231: =IF(J231="","",J231/Inputs!$B$1) | L231: Originator | M231: Pharmaceutical Solution Industries (PSI) | N231: Pharmaceutical Solution Industries (PSI) | O231: 1807245616
A232: B05CB | C232: DAPAGLIFLOZIN | D232: FORXIGA 5 mg film-coated tablet | E232: 5 | F232: % | G232: Solution for injection | H232: 1 | I232: 159 | J232: =IF(H232>0,I232/H232,"") | K232: =IF(J232="","",J232/Inputs!$B$1) | L232: Originator | M232: Pharmaceutical Solution Industries (PSI) | N232: Pharmaceutical Solution Industries (PSI) | O232: 1807245616
A233: B05CB | C233: NIVOLUMAB | D233: OPDIVO 10 mg/ml solution for injection | E233: 10 | F233: % | G233: Solution for injection | H233: 1 | I233: 3385.15 | J233: =IF(H233>0,I233/H233,"") | K233: =IF(J233="","",J233/Inputs!$B$1) | L233: Originator | M233: Pharmaceutical Solution Industries (PSI) | N233: Pharmaceutical Solution Industries (PSI) | O233: 1807245616
A234: C01EB | C234: VERICIGUAT | D234: Verquvo | E234: 10 | F234: mg | G234: Film-coated tablet | H234: 28 | I234: 422.45 | J234: =IF(H234>0,I234/H234,"") | K234: =IF(J234="","",J234/Inputs!$B$1) | L234: Originator | M234: BAYER AG | N234: Bayer Saudi Arabia | O234: 2403221886
A235: C01EB | C235: VERICIGUAT | D235: Verquvo | E235: 2.5 | F235: mg | G235: Film-coated tablet | H235: 14 | I235: 220.8 | J235: =IF(H235>0,I235/H235,"") | K235: =IF(J235="","",J235/Inputs!$B$1) | L235: Originator | M235: BAYER AG | N235: Bayer Saudi Arabia | O235: 2403221885
A236: C01EB | C236: VERICIGUAT | D236: Verquvo | E236: 5 | F236: mg | G236: Film-coated tablet | H236: 14 | I236: 220.8 | J236: =IF(H236>0,I236/H236,"") | K236: =IF(J236="","",J236/Inputs!$B$1) | L236: Originator | M236: BAYER AG | N236: Bayer Saudi Arabia | O236: 2403221884
A237: C02KX | B237: Pulmonary hypertension | C237: SOTATERCEPT | D237: Winrevair | E237: 45 | F237: mg | G237: Powder and solvent for solution for injection | H237: 1 | I237: 36247.2 | J237: =IF(H237>0,I237/H237,"") | K237: =IF(J237="","",J237/Inputs!$B$1) | L237: MSD | M237: MERCK SHARP & DOHME | N237: ALNAGHI COMPANY | O237: 2104257258
A238: C02KX | B238: Pulmonary hypertension | C238: SOTATERCEPT | D238: Winrevair | E238: 45 | F238: mg | G238: Powder and solvent for solution for injection | H238: 2 | I238: 72494.4 | J238: =IF(H238>0,I238/H238,"") | K238: =IF(J238="","",J238/Inputs!$B$1) | L238: MSD | M238: MERCK SHARP & DOHME | N238: ALNAGHI COMPANY | O238: 2104257257
A239: C02KX | B239: Pulmonary hypertension | C239: SOTATERCEPT | D239: Winrevair | E239: 60 | F239: mg | G239: Powder and solvent for solution for injection | H239: 2 | I239: 90750 | J239: =IF(H239>0,I239/H239,"") | K239: =IF(J239="","",J239/Inputs!$B$1) | L239: MSD | M239: Merck Sharp & Dohme B.V | N239: ALNAGHI COMPANY | O239: 2108258090
A240: C02KX | B240: Pulmonary hypertension | C240: SOTATERCEPT | D240: Winrevair | E240: 60 | F240: mg | G240: Powder and solvent for solution for injection | H240: 1 | I240: 45375 | J240: =IF(H240>0,I240/H240,"") | K240: =IF(J240="","",J240/Inputs!$B$1) | L240: MSD | M240: Merck Sharp & Dohme B.V | N240: ALNAGHI COMPANY | O240: 2108258089
A241: J01DD | C241: AVIBACTAM | D241: Zidav | E241: 2,0.5 | F241: g | G241: Powder for concentrate for solution for infusion | H241: 10 | I241: 2949.35 | J241: =IF(H241>0,I241/H241,"") | K241: =IF(J241="","",J241/Inputs!$B$1) | L241: Generic or other | M241: Med City Pharma | N241: ZIMMO TRADING ESTABLISHMENT | O241: 0705269614
A242: J01DD | C242: AVIBACTAM | D242: Cazovy | E242: 0.5, 2 | F242: g | G242: Powder for concentrate for solution for infusion | H242: 10 | I242: 3176.25 | J242: =IF(H242>0,I242/H242,"") | K242: =IF(J242="","",J242/Inputs!$B$1) | L242: Generic or other | M242: Jazeera Pharmaceutical Industries (JPI) | N242: Jazeera Pharmaceutical Industries (JPI) | O242: 1105269642
A243: J01DD | C243: AVIBACTAM | D243: ZAVICEFTA 2 g/0.5 g Vial | E243: 2,0.5 | F243: g | G243: Powder for concentrate for solution for infusion | H243: 10 | I243: 4537.5 | J243: =IF(H243>0,I243/H243,"") | K243: =IF(J243="","",J243/Inputs!$B$1) | L243: Originator | M243: PFIZER SAUDI LIMITED | N243: Pfizer Saudi TradingFarouk, Maamoun Tamer & CO | O243: 2204245188
A244: J01DD | C244: NIVOLUMAB | D244: OPDIVO 10 mg/ml solution for injection | E244: 10 | F244: mg | G244: Tablet | H244: 10 | I244: 6785.1 | J244: =IF(H244>0,I244/H244,"") | K244: =IF(J244="","",J244/Inputs!$B$1) | L244: Originator | M244: SANOFI WINTHROP INDUSTRIE | N244: Sanofi Arabia Trading Co. Ltd | O244: 21-37-10
A245: J01DF | C245: AVIBACTAM | D245: EMBLAVEO | E245: 1.5, 0.5 | F245: g | G245: Powder for concentrate for solution for infusion | H245: 10 | I245: 9011.3 | J245: =IF(H245>0,I245/H245,"") | K245: =IF(J245="","",J245/Inputs!$B$1) | L245: Generic or other | M245: Pfizer Europe MA EEIG | N245: Pfizer Saudi TradingFarouk, Maamoun Tamer & CO | O245: 2806260012
A246: J01DH | B246: Carbapenems | C246: RELEBACTAM | D246: Recarbrio | E246: 500,500,250 | F246: mg | G246: Powder for solution for infusion | H246: 25 | I246: 15509.4 | J246: =IF(H246>0,I246/H246,"") | K246: =IF(J246="","",J246/Inputs!$B$1) | L246: MSD | M246: Merck Sharp & Dohme B.V | N246: ALNAGHI COMPANY | O246: 1304233540
A247: J01DI | B247: Other cephalosporins | C247: CEFTOLOZANE | D247: ZERBAXA Powder For Injection Vial | E247: 0.5,1 | F247: mg | G247: Powder for injection | H247: 10 | I247: 3282.1 | J247: =IF(H247>0,I247/H247,"") | K247: =IF(J247="","",J247/Inputs!$B$1) | L247: MSD | M247: MERCK SHARP & DOHME | N247: ALNAGHI COMPANY | O247: 2501233167
A248: J01XX | B248: Other antibacterials | D248: LINDEC 600 mg Film-coated Tablet | E248: 600 | F248: mg | G248: Film-coated tablet | H248: 30 | I248: 1535.75 | J248: =IF(H248>0,I248/H248,"") | K248: =IF(J248="","",J248/Inputs!$B$1) | L248: Generic or other | M248: APOTEX INC. (SIGNET SITE) | N248: Cigalah Group | O248: 1808258048
A249: J01XX | B249: Other antibacterials | D249: Zenix | E249: 600 | F249: mg | G249: Film-coated tablet | H249: 20 | I249: 1137.6 | J249: =IF(H249>0,I249/H249,"") | K249: =IF(J249="","",J249/Inputs!$B$1) | L249: Generic or other | M249: STADA ARZNEIMITTEL GmbH | N249: Alkamal import officeSalehiya Trading Co.STADA Arabia Limited Company | O249: 0708222418
A250: J01XX | B250: Other antibacterials | D250: Lidolinz | E250: 600 | F250: mg | G250: Film-coated tablet | H250: 10 | I250: 625.65 | J250: =IF(H250>0,I250/H250,"") | K250: =IF(J250="","",J250/Inputs!$B$1) | L250: Generic or other | M250: CALIFORNIA GREENS CORPORATION FACTORY | N250: Mahd Alseha Medical CoENAYAT ALTABEAH EST. | O250: 1407257751
A251: J01XX | B251: Other antibacterials | D251: Zodinex | E251: 600 | F251: mg | G251: Film-coated tablet | H251: 20 | I251: 1251.35 | J251: =IF(H251>0,I251/H251,"") | K251: =IF(J251="","",J251/Inputs!$B$1) | L251: Generic or other | M251: Middle East Pharmaceutical Industries Co Ltd Avalon Pharma | N251: Middle East Pharmaceutical Industries Co Ltd Avalon Pharma | O251: 2711234560
A252: J01XX | B252: Other antibacterials | D252: Lenzal | E252: 600 | F252: mg | G252: Film-coated tablet | H252: 30 | I252: 1877.1 | J252: =IF(H252>0,I252/H252,"") | K252: =IF(J252="","",J252/Inputs!$B$1) | L252: Generic or other | M252: Alrai Pharmaceutical industry Co. (L.L.C) | N252: ZIMMO TRADING ESTABLISHMENT | O252: 2306257595
A253: J01XX | B253: Other antibacterials | D253: DILIZOLEN 600MG TABLET | E253: 600 | F253: mg | G253: Tablet | H253: 20 | I253: 1404.45 | J253: =IF(H253>0,I253/H253,"") | K253: =IF(J253="","",J253/Inputs!$B$1) | L253: Generic or other | M253: Glenmark Pharmaceuticals Limited | N253: Salehiya Trading Co. | O253: 1603257077
A254: J01XX | B254: Other antibacterials | D254: Lozned | E254: 2 | F254: mg/ml | G254: Solution for infusion | H254: 1 | I254: 136.15 | J254: =IF(H254>0,I254/H254,"") | K254: =IF(J254="","",J254/Inputs!$B$1) | L254: Generic or other | M254: MS PHARMA for Pharmaceuticals | N254: Cigalah Group | O254: 2105269812
A255: J01XX | B255: Other antibacterials | D255: Zersa | E255: 2 | F255: mg/ml | G255: Solution for infusion | H255: 1 | I255: 136.9 | J255: =IF(H255>0,I255/H255,"") | K255: =IF(J255="","",J255/Inputs!$B$1) | L255: Generic or other | M255: Jazeera Pharmaceutical Industries (JPI) | N255: Jazeera Pharmaceutical Industries (JPI) | O255: 1810211196
A256: J01XX | B256: Other antibacterials | D256: LINID 2 MG/ML SOLUTION FOR INFUSION | E256: 2 | F256: mg/ml | G256: Solution for infusion | H256: 1 | I256: 144.15 | J256: =IF(H256>0,I256/H256,"") | K256: =IF(J256="","",J256/Inputs!$B$1) | L256: Generic or other | M256: AJA PHARMACEUTICAL INDUSTRIES | N256: AJA PHARMACEUTICAL INDUSTRIES | O256: 2305233692
A257: J01XX | B257: Other antibacterials | D257: KINZADO | E257: 600 | F257: mg | G257: Film-coated tablet | H257: 10 | I257: 1447.2 | J257: =IF(H257>0,I257/H257,"") | K257: =IF(J257="","",J257/Inputs!$B$1) | L257: Generic or other | M257: SPIMACO ADDWAEIH | N257: SPIMACO | O257: 2307257834
A258: J01XX | B258: Other antibacterials | D258: Zillion | E258: 600 | F258: mg | G258: Film-coated tablet | H258: 10 | I258: 1447.2 | J258: =IF(H258>0,I258/H258,"") | K258: =IF(J258="","",J258/Inputs!$B$1) | L258: Generic or other | M258: Saudi Amarox | N258: Saudi AmaroxFarouk, Maamoun Tamer & CO | O258: 2202210538
A259: J01XX | B259: Other antibacterials | D259: Zextro | E259: 600 | F259: mg | G259: Film-coated tablet | H259: 20 | I259: 2894.4 | J259: =IF(H259>0,I259/H259,"") | K259: =IF(J259="","",J259/Inputs!$B$1) | L259: Generic or other | M259: Med City Pharma | N259: ZIMMO TRADING ESTABLISHMENTMed city | O259: 0203256966
... A263: J01XX | B263: Other antibacterials | D263: Zersa | E263: 20 | F263: mg/ml | G263: Oral suspension | H263: 1 | I263: 630 | J263: =IF(H263>0,I263/H263,"") | K263: =IF(J263="","",J263/Inputs!$B$1) | L263: Generic or other | M263: Jazeera Pharmaceutical Industries (JPI) | N263: Abdulrehman Algosaibi G.T.C. | O263: 2009211071
A264: J05AB | D264: VALGAN | E264: 450 | F264: mg | G264: Film-coated tablet | H264: 60 | I264: 2066 | J264: =IF(H264>0,I264/H264,"") | K264: =IF(J264="","",J264/Inputs!$B$1) | L264: Generic or other | M264: Saudi Amarox | N264: Saudi AmaroxFarouk, Maamoun Tamer & CO | O264: 2112200352
A265: J05AB | D265: Valgiver | E265: 450 | F265: mg | G265: Film-coated tablet | H265: 60 | I265: 2499.85 | J265: =IF(H265>0,I265/H265,"") | K265: =IF(J265="","",J265/Inputs!$B$1) | L265: Generic or other | M265: ADEL AHMED AL-SHAEIR PHARMACEUTICAL COMPANY | N265: Adel Ahmed Alshaeir Pharmaceutical CompanyAlkamal import office | O265: 0207222295
A266: J05AB | D266: Valgaset | E266: 450 | F266: mg | G266: Tablet | H266: 60 | I266: 2499.85 | J266: =IF(H266>0,I266/H266,"") | K266: =IF(J266="","",J266/Inputs!$B$1) | L266: Generic or other | M266: ALTAIF PHARMACEUTICALS COMPANY | N266: AL-TAIF PHARMACEUTICALS COMPANY (SPECTRO PHARMA) | O266: 1901233119
A267: J05AB | D267: VERCANZA 450 MG FILM COATED TABLET | E267: 450 | F267: mg | G267: Film-coated tablet | H267: 60 | I267: 3686.5 | J267: =IF(H267>0,I267/H267,"") | K267: =IF(J267="","",J267/Inputs!$B$1) | L267: Generic or other | M267: SPIMACO ADDWAEIH | N267: SPIMACO | O267: 2005257434
A268: J05AB | D268: VALCYTE 450MG FILM - COATED TABLETS | E268: 450 | F268: mg | G268: Film-coated tablet | H268: 60 | I268: 3791.75 | J268: =IF(H268>0,I268/H268,"") | K268: =IF(J268="","",J268/Inputs!$B$1) | L268: Generic or other | M268: CHEPLAPHARM Arzneimittel GmbH | N268: Abdulrehman Algosaibi G.T.C.Cigalah Group | O268: 0402244833
A269: J05AB | D269: valganciclovir | E269: 50 | F269: mg/ml | G269: Oral solution | H269: 1 | I269: 1206.95 | J269: =IF(H269>0,I269/H269,"") | K269: =IF(J269="","",J269/Inputs!$B$1) | L269: Generic or other | M269: Granules Pharmaceuticals Inc | N269: International Pioneers | O269: 0107260043
A270: J05AB | D270: VALGAN 50MG/ML POWDER FOR ORAL SOLUTION | E270: 50 | F270: mg/ml | G270: Powder for oral solution | H270: 1 | I270: 1270.5 | J270: =IF(H270>0,I270/H270,"") | K270: =IF(J270="","",J270/Inputs!$B$1) | L270: Generic or other | M270: Saudi Amarox | N270: Saudi AmaroxAL-DAWAA MEDICAL SERVICES CO. LTD | O270: 2111222919
A271: J05AF | C271: DOLUTEGRAVIR | D271: Dovato | E271: 300,52.6 | F271: mg | G271: Film-coated tablet | H271: 30 | I271: 2740.9 | J271: =IF(H271>0,I271/H271,"") | K271: =IF(J271="","",J271/Inputs!$B$1) | L271: Originator | M271: Glaxo Saudi Arabia Ltd. | N271: Saudi International Trading Company LTD | O271: 1005200077
A272: J05AG | B272: HIV NNRTIs | C272: DORAVIRINE | D272: Pifeltro | E272: 100 | F272: mg | G272: Film-coated tablet | H272: 30 | I272: 1361.8 | J272: =IF(H272>0,I272/H272,"") | K272: =IF(J272="","",J272/Inputs!$B$1) | L272: MSD | M272: Merck Sharp & Dohme B.V | N272: ALNAGHI COMPANY | O272: 3001233195
A273: J05AG | B273: HIV NNRTIs | C273: DORAVIRINE | D273: Delstrigo | E273: 100,300,245 | F273: mg | G273: Film-coated tablet | H273: 30 | I273: 2413.85 | J273: =IF(H273>0,I273/H273,"") | K273: =IF(J273="","",J273/Inputs!$B$1) | L273: MSD | M273: Merck Sharp & Dohme B.V | N273: ALNAGHI COMPANY | O273: 1612223019
A274: J05AR | B274: HIV combinations | C274: BICTEGRAVIR | D274: BIKTARVY | E274: 200,52.45,25 | F274: mg | G274: Film-coated tablet | H274: 30 | I274: 2881.95 | J274: =IF(H274>0,I274/H274,"") | K274: =IF(J274="","",J274/Inputs!$B$1) | L274: Originator | M274: Gilead Sciences Ireland UC | N274: Cigalah GroupGilead Sciences Arabia Ltd | O274: 1808260292
A275: J05AX | B275: Other antivirals | C275: DOLUTEGRAVIR | D275: Dolutegravir Eva | E275: 50 | F275: mg | G275: Film-coated tablet | H275: 30 | I275: 1568 | J275: =IF(H275>0,I275/H275,"") | K275: =IF(J275="","",J275/Inputs!$B$1) | L275: Generic or other | M275: Eva pharma for Industry | N275: Eva pharma for Industry | O275: 3006257644
A276: J05AX | B276: Other antivirals | C276: DOLUTEGRAVIR | D276: TIVICAY 50 mg Tablet | E276: 50 | F276: mg | G276: Film-coated tablet | H276: 30 | I276: 1680 | J276: =IF(H276>0,I276/H276,"") | K276: =IF(J276="","",J276/Inputs!$B$1) | L276: Originator | M276: Glaxo Saudi Arabia Ltd. | N276: Saudi International Trading Company LTDGLAXO SAUDI ARABIA | O276: 2508210984
A277: J05AX | B277: Other antivirals | C277: DOLUTEGRAVIR | D277: TRIUMEQ 50mg/600mg/300mg film-coated tablet | E277: 50,300,600 | F277: mg | G277: Film-coated tablet | H277: 30 | I277: 3128.8 | J277: =IF(H277>0,I277/H277,"") | K277: =IF(J277="","",J277/Inputs!$B$1) | L277: Originator | M277: Glaxo Saudi Arabia Ltd. | N277: Saudi International Trading Company LTD | O277: 1310222734
A278: J05AX | B278: Other antivirals | C278: LETERMOVIR | D278: PREVYMIS | E278: 240 | F278: mg | G278: Film-coated tablet | H278: 28 | I278: 20693.5 | J278: =IF(H278>0,I278/H278,"") | K278: =IF(J278="","",J278/Inputs!$B$1) | L278: MSD | M278: MERCK SHARP & DOHME | N278: ALNAGHI COMPANY | O278: 0906210772
A279: J05AX | B279: Other antivirals | C279: LETERMOVIR | D279: PREVYMIS | E279: 20 | F279: mg/ml | G279: Concentrate for solution for infusion | H279: 1 | I279: 884.95 | J279: =IF(H279>0,I279/H279,"") | K279: =IF(J279="","",J279/Inputs!$B$1) | L279: MSD | M279: Merck Sharp & Dohme B.V | N279: ALNAGHI COMPANY | O279: 2108210958
A280: J05AX | B280: Other antivirals | C280: LETERMOVIR | D280: PREVYMIS | E280: 480 | F280: mg | G280: Concentrate for solution for infusion | H280: 1 | I280: 1452 | J280: =IF(H280>0,I280/H280,"") | K280: =IF(J280="","",J280/Inputs!$B$1) | L280: MSD | M280: Merck Sharp & Dohme B.V | N280: ALNAGHI COMPANY | O280: 3005257500
A281: J05AX | B281: Other antivirals | C281: LETERMOVIR | D281: PREVYMIS | E281: 480 | F281: mg | G281: Film-coated tablet | H281: 28 | I281: 40656 | J281: =IF(H281>0,I281/H281,"") | K281: =IF(J281="","",J281/Inputs!$B$1) | L281: MSD | M281: MERCK SHARP & DOHME | N281: ALNAGHI COMPANY | O281: 2808258126
A282: J05AX | B282: Other antivirals | C282: RALTEGRAVIR | D282: Raltavir | E282: 400 | F282: mg | G282: Film-coated tablet | H282: 60 | I282: 1567.8 | J282: =IF(H282>0,I282/H282,"") | K282: =IF(J282="","",J282/Inputs!$B$1) | L282: Generic or other | M282: Saudi Amarox | N282: Saudi Amarox | O282: 2007257775
A283: J05AX | B283: Other antivirals | C283: RALTEGRAVIR | D283: ISENTRESS 600MG F.C.TABLET | E283: 600 | F283: mg | G283: Film-coated tablet | H283: 60 | I283: 1679.95 | J283: =IF(H283>0,I283/H283,"") | K283: =IF(J283="","",J283/Inputs!$B$1) | L283: MSD | M283: MERCK SHARP & DOHME LIMITED | N283: ALNAGHI COMPANY | O283: 2108258088
... A304: L01FF | B304: PD-1 / PD-L1 antibodies | C304: PEMBROLIZUMAB | D304: Keytruda | E304: 165 | F304: mg/ml | G304: Solution for injection | H304: 1 | I304: 58719.6 | J304: =IF(H304>0,I304/H304,"") | K304: =IF(J304="","",J304/Inputs!$B$1) | L304: MSD | M304: Merck Sharp & Dohme B.V | N304: Farouk, Maamoun Tamer & CO | O304: 2707260198
A305: L01FF | B305: PD-1 / PD-L1 antibodies | D305: Tevimbra | E305: 10 | F305: mg/ml | G305: Concentrate for solution for infusion | H305: 1 | I305: 10694.85 | J305: =IF(H305>0,I305/H305,"") | K305: =IF(J305="","",J305/Inputs!$B$1) | L305: Generic or other | M305: BeiGene Switzerland GmbH | N305: Sanable Al Andalus Company For development and commercial investment | O305: 2408260349
A306: L01XC | C306: ATEZOLIZUMAB | D306: TECENTRIQ 60 mg/ml Concentrate For Solution For Infusion | E306: 60 | F306: mg/ml | G306: Injection | H306: 1 | I306: 29065.25 | J306: =IF(H306>0,I306/H306,"") | K306: =IF(J306="","",J306/Inputs!$B$1) | L306: Originator | M306: ROCHE | N306: ALNAGHI COMPANYRoche Products Saudi Arabia | O306: 1709258231
A307: L01XC | C307: BELZUTIFAN | D307: Welireg | E307: 40 | F307: mg | G307: Film-coated tablet | H307: 90 | I307: 68062.5 | J307: =IF(H307>0,I307/H307,"") | K307: =IF(J307="","",J307/Inputs!$B$1) | L307: MSD | M307: MERCK SHARP & DOHME LIMITED | N307: Farouk, Maamoun Tamer & CO | O307: 2009234229
A308: L01XC | C308: DURVALUMAB | D308: IMFINZI 120 mg / 2.4 ml | E308: 50 | F308: mg/ml | G308: Solution for infusion | H308: 1 | I308: 2787.5 | J308: =IF(H308>0,I308/H308,"") | K308: =IF(J308="","",J308/Inputs!$B$1) | L308: Originator | M308: AstraZeneca UK Limited | N308: Saudi International Trading Company LTDALNAGHI COMPANY | O308: 0911211289
A309: L01XC | C309: DURVALUMAB | D309: IMFINZI 500 mg / 10 ml | E309: 50 | F309: mg/ml | G309: Solution for infusion | H309: 1 | I309: 11614.5 | J309: =IF(H309>0,I309/H309,"") | K309: =IF(J309="","",J309/Inputs!$B$1) | L309: Originator | M309: AstraZeneca UK Limited | N309: Saudi International Trading Company LTDALNAGHI COMPANY | O309: 0911211288
A310: L01XC | C310: PEMBROLIZUMAB | D310: KEYTRUDA 25 mg/ml Concentrate For Solution For Infusion | E310: 25 | F310: mg/ml | G310: Concentrate for solution for infusion | H310: 1 | I310: 14680 | J310: =IF(H310>0,I310/H310,"") | K310: =IF(J310="","",J310/Inputs!$B$1) | L310: MSD | M310: MERCK SHARP & DOHME | N310: Farouk, Maamoun Tamer & CO | O310: 2501233168
A311: N02BE | C311: LINAGLIPTIN | D311: GLYXAMBI | E311: 25,5 | F311: mg | G311: Tablet | H311: 20 | I311: 226.05 | J311: =IF(H311>0,I311/H311,"") | K311: =IF(J311="","",J311/Inputs!$B$1) | L311: Generic or other | M311: National Pharmaceutical Industries Co SAOC | N311: ZIMMO TRADING ESTABLISHMENTEBRAHIM M. ALMANA & BROS. CO. | O311: 2710246118
A312: N05CF | C312: LEMBOREXANT | D312: DAYVIGO | E312: 5 | F312: mg | G312: Film-coated tablet | H312: 28 | I312: 219.6 | J312: =IF(H312>0,I312/H312,"") | K312: =IF(J312="","",J312/Inputs!$B$1) | L312: Originator | M312: EISAI | N312: Abdulrehman Algosaibi G.T.C. | O312: 2101256710
A313: N05CF | C313: LEMBOREXANT | D313: DAYVIGO | E313: 10 | F313: mg | G313: Film-coated tablet | H313: 28 | I313: 219.6 | J313: =IF(H313>0,I313/H313,"") | K313: =IF(J313="","",J313/Inputs!$B$1) | L313: Originator | M313: EISAI | N313: Abdulrehman Algosaibi G.T.C. | O313: 2101256711
A314: QA10B | C314: SITAGLIPTIN | D314: Glyptinova Met | E314: 50,850 | F314: mg | G314: Film-coated tablet | H314: 60 | I314: 94.3 | J314: =IF(H314>0,I314/H314,"") | K314: =IF(J314="","",J314/Inputs!$B$1) | L314: Generic or other | M314: Kinnova manufacturing company | N314: Soul PharmaKinnova MED company for Distribution | O314: 1506269918
A315: QA10B | C315: SITAGLIPTIN | D315: Glunexa | E315: 50 | F315: mg | G315: Film-coated tablet | H315: 28 | I315: 45 | J315: =IF(H315>0,I315/H315,"") | K315: =IF(J315="","",J315/Inputs!$B$1) | L315: Generic or other | M315: STADA ARZNEIMITTEL GmbH | N315: Alkamal import office | O315: 2009260548
A316: QA10B | C316: SITAGLIPTIN | D316: Glyptinova Met | E316: 50,1000 | F316: mg | G316: Film-coated tablet | H316: 60 | I316: 97.7 | J316: =IF(H316>0,I316/H316,"") | K316: =IF(J316="","",J316/Inputs!$B$1) | L316: Generic or other | M316: Kinnova manufacturing company | N316: Soul PharmaKinnova MED company for Distribution | O316: 1506269921
...

Sheet Generic pressure
A1: Ingredient | B1: MSD products | C1: MSD lowest per unit SAR | D1: Other versions | E1: Generic or other | F1: Cheapest generic per unit SAR | G1: Cheapest vs MSD
A2: SITAGLIPTIN | B2: JANUMET; JANUMET XR; JANUVIA 100MG F.C. TABLETS; JANUVIA 25 mg; JANUVIA 50 mg | C2: =_xlfn.MINIFS(Products!$J$2:$J$339,Products!$C$2:$C$339,A2,Products!$L$2:$L$339,"MSD") | D2: =COUNTIFS(Products!$C$2:$C$339,A2,Products!$L$2:$L$339,"<>MSD") | E2: =COUNTIFS(Products!$C$2:$C$339,A2,Products!$L$2:$L$339,"Generic or other") | F2: =IF(E2=0,"",_xlfn.MINIFS(Products!$J$2:$J$339,Products!$C$2:$C$339,A2,Products!$L$2:$L$339,"Generic or other")) | G2: =IF(F2="","",F2/C2-1)
A3: SUGAMMADEX | B3: BRIDION 100 MG/ML SOLUTION FOR INJECTION; BRIDION 100 mg/ml Solution for Injection | C3: =_xlfn.MINIFS(Products!$J$2:$J$339,Products!$C$2:$C$339,A3,Products!$L$2:$L$339,"MSD") | D3: =COUNTIFS(Products!$C$2:$C$339,A3,Products!$L$2:$L$339,"<>MSD") | E3: =COUNTIFS(Products!$C$2:$C$339,A3,Products!$L$2:$L$339,"Generic or other") | F3: =IF(E3=0,"",_xlfn.MINIFS(Products!$J$2:$J$339,Products!$C$2:$C$339,A3,Products!$L$2:$L$339,"Generic or other")) | G3: =IF(F3="","",F3/C3-1)
A4: RALTEGRAVIR | B4: ISENTRESS 600MG F.C.TABLET | C4: =_xlfn.MINIFS(Products!$J$2:$J$339,Products!$C$2:$C$339,A4,Products!$L$2:$L$339,"MSD") | D4: =COUNTIFS(Products!$C$2:$C$339,A4,Products!$L$2:$L$339,"<>MSD") | E4: =COUNTIFS(Products!$C$2:$C$339,A4,Products!$L$2:$L$339,"Generic or other") | F4: =IF(E4=0,"",_xlfn.MINIFS(Products!$J$2:$J$339,Products!$C$2:$C$339,A4,Products!$L$2:$L$339,"Generic or other")) | G4: =IF(F4="","",F4/C4-1)
A5: BELZUTIFAN | B5: Welireg | C5: =_xlfn.MINIFS(Products!$J$2:$J$339,Products!$C$2:$C$339,A5,Products!$L$2:$L$339,"MSD") | D5: =COUNTIFS(Products!$C$2:$C$339,A5,Products!$L$2:$L$339,"<>MSD") | E5: =COUNTIFS(Products!$C$2:$C$339,A5,Products!$L$2:$L$339,"Generic or other") | F5: =IF(E5=0,"",_xlfn.MINIFS(Products!$J$2:$J$339,Products!$C$2:$C$339,A5,Products!$L$2:$L$339,"Generic or other")) | G5: =IF(F5="","",F5/C5-1)
A6: Hepatitis B vaccines | B6: RECOMBIVAX HB | C6: =_xlfn.MINIFS(Products!$J$2:$J$339,Products!$C$2:$C$339,A6,Products!$L$2:$L$339,"MSD") | D6: =COUNTIFS(Products!$C$2:$C$339,A6,Products!$L$2:$L$339,"<>MSD") | E6: =COUNTIFS(Products!$C$2:$C$339,A6,Products!$L$2:$L$339,"Generic or other") | F6: =IF(E6=0,"",_xlfn.MINIFS(Products!$J$2:$J$339,Products!$C$2:$C$339,A6,Products!$L$2:$L$339,"Generic or other")) | G6: =IF(F6="","",F6/C6-1)
A7: CEFTOLOZANE | B7: ZERBAXA Powder For Injection Vial | C7: =_xlfn.MINIFS(Products!$J$2:$J$339,Products!$C$2:$C$339,A7,Products!$L$2:$L$339,"MSD") | D7: =COUNTIFS(Products!$C$2:$C$339,A7,Products!$L$2:$L$339,"<>MSD") | E7: =COUNTIFS(Products!$C$2:$C$339,A7,Products!$L$2:$L$339,"Generic or other") | F7: =IF(E7=0,"",_xlfn.MINIFS(Products!$J$2:$J$339,Products!$C$2:$C$339,A7,Products!$L$2:$L$339,"Generic or other")) | G7: =IF(F7="","",F7/C7-1)
A8: DORAVIRINE | B8: Delstrigo; Pifeltro | C8: =_xlfn.MINIFS(Products!$J$2:$J$339,Products!$C$2:$C$339,A8,Products!$L$2:$L$339,"MSD") | D8: =COUNTIFS(Products!$C$2:$C$339,A8,Products!$L$2:$L$339,"<>MSD") | E8: =COUNTIFS(Products!$C$2:$C$339,A8,Products!$L$2:$L$339,"Generic or other") | F8: =IF(E8=0,"",_xlfn.MINIFS(Products!$J$2:$J$339,Products!$C$2:$C$339,A8,Products!$L$2:$L$339,"Generic or other")) | G8: =IF(F8="","",F8/C8-1)
A9: HPV vaccines | B9: Gardasil 9 | C9: =_xlfn.MINIFS(Products!$J$2:$J$339,Products!$C$2:$C$339,A9,Products!$L$2:$L$339,"MSD") | D9: =COUNTIFS(Products!$C$2:$C$339,A9,Products!$L$2:$L$339,"<>MSD") | E9: =COUNTIFS(Products!$C$2:$C$339,A9,Products!$L$2:$L$339,"Generic or other") | F9: =IF(E9=0,"",_xlfn.MINIFS(Products!$J$2:$J$339,Products!$C$2:$C$339,A9,Products!$L$2:$L$339,"Generic or other")) | G9: =IF(F9="","",F9/C9-1)
A10: PEMBROLIZUMAB | B10: KEYTRUDA 25 mg/ml Concentrate For Solution For Infusion; Keytruda | C10: =_xlfn.MINIFS(Products!$J$2:$J$339,Products!$C$2:$C$339,A10,Products!$L$2:$L$339,"MSD") | D10: =COUNTIFS(Products!$C$2:$C$339,A10,Products!$L$2:$L$339,"<>MSD") | E10: =COUNTIFS(Products!$C$2:$C$339,A10,Products!$L$2:$L$339,"Generic or other") | F10: =IF(E10=0,"",_xlfn.MINIFS(Products!$J$2:$J$339,Products!$C$2:$C$339,A10,Products!$L$2:$L$339,"Generic or other")) | G10: =IF(F10="","",F10/C10-1)
A11: Measles, mumps and rubella vaccines | B11: M.M.R II 0.5ML VACCINE+ 0.7ML DILUENT | C11: =_xlfn.MINIFS(Products!$J$2:$J$339,Products!$C$2:$C$339,A11,Products!$L$2:$L$339,"MSD") | D11: =COUNTIFS(Products!$C$2:$C$339,A11,Products!$L$2:$L$339,"<>MSD") | E11: =COUNTIFS(Products!$C$2:$C$339,A11,Products!$L$2:$L$339,"Generic or other") | F11: =IF(E11=0,"",_xlfn.MINIFS(Products!$J$2:$J$339,Products!$C$2:$C$339,A11,Products!$L$2:$L$339,"Generic or other")) | G11: =IF(F11="","",F11/C11-1)
A12: LETERMOVIR | B12: PREVYMIS | C12: =_xlfn.MINIFS(Products!$J$2:$J$339,Products!$C$2:$C$339,A12,Products!$L$2:$L$339,"MSD") | D12: =COUNTIFS(Products!$C$2:$C$339,A12,Products!$L$2:$L$339,"<>MSD") | E12: =COUNTIFS(Products!$C$2:$C$339,A12,Products!$L$2:$L$339,"Generic or other") | F12: =IF(E12=0,"",_xlfn.MINIFS(Products!$J$2:$J$339,Products!$C$2:$C$339,A12,Products!$L$2:$L$339,"Generic or other")) | G12: =IF(F12="","",F12/C12-1)
A13: Pneumococcal vaccines | B13: Capvaxive; Pneumovax 23 Pneumococcal Vaccine Polyvalent; Vaxneuvance | C13: =_xlfn.MINIFS(Products!$J$2:$J$339,Products!$C$2:$C$339,A13,Products!$L$2:$L$339,"MSD") | D13: =COUNTIFS(Products!$C$2:$C$339,A13,Products!$L$2:$L$339,"<>MSD") | E13: =COUNTIFS(Products!$C$2:$C$339,A13,Products!$L$2:$L$339,"Generic or other") | F13: =IF(E13=0,"",_xlfn.MINIFS(Products!$J$2:$J$339,Products!$C$2:$C$339,A13,Products!$L$2:$L$339,"Generic or other")) | G13: =IF(F13="","",F13/C13-1)
... A17: Varicella and zoster vaccines | B17: VARIVAX 1350 PFU VIAL | C17: =_xlfn.MINIFS(Products!$J$2:$J$339,Products!$C$2:$C$339,A17,Products!$L$2:$L$339,"MSD") | D17: =COUNTIFS(Products!$C$2:$C$339,A17,Products!$L$2:$L$339,"<>MSD") | E17: =COUNTIFS(Products!$C$2:$C$339,A17,Products!$L$2:$L$339,"Generic or other") | F17: =IF(E17=0,"",_xlfn.MINIFS(Products!$J$2:$J$339,Products!$C$2:$C$339,A17,Products!$L$2:$L$339,"Generic or other")) | G17: =IF(F17="","",F17/C17-1)

Sheet Reference pricing
A1: Brand | B1: US pack | C1: US NADAC per tablet USD | D1: Saudi product | E1: Saudi per tablet USD | F1: US / Saudi
A2: JANUVIA | B2: JANUVIA 100 MG TABLET | C2: 10.55179 | D2: JANUVIA 100MG F.C. TABLETS (100mg, pack of 28) | E2: =_xlfn.MINIFS(Products!$K$2:$K$339,Products!$D$2:$D$339,"JANUVIA 100MG F.C. TABLETS",Products!$H$2:$H$339,28,Products!$L$2:$L$339,"MSD") | F2: =C2/E2
A3: JANUMET | B3: JANUMET 50-1,000 MG TABLET | C3: 5.27929 | D3: JANUMET (1000,50mg, pack of 56) | E3: =_xlfn.MINIFS(Products!$K$2:$K$339,Products!$D$2:$D$339,"JANUMET",Products!$H$2:$H$339,56,Products!$L$2:$L$339,"MSD") | F3: =C3/E3
A4: STEGLATRO | B4: STEGLATRO 15 MG TABLET | C4: 11.4425 | D4: no same-strength tablet in the SFDA list
A5: ISENTRESS | B5: ISENTRESS 400 MG TABLET | C5: 34.53888 | D5: no same-strength tablet in the SFDA list
A6: PIFELTRO | B6: PIFELTRO 100 MG TABLET | C6: 60.78687 | D6: Pifeltro (100mg, pack of 30) | E6: =_xlfn.MINIFS(Products!$K$2:$K$339,Products!$D$2:$D$339,"Pifeltro",Products!$H$2:$H$339,30,Products!$L$2:$L$339,"MSD") | F6: =C6/E6
A7: BELSOMRA | B7: BELSOMRA 20 MG TABLET | C7: 15.20528 | D7: no same-strength tablet in the SFDA list
A8: DELSTRIGO | B8: DELSTRIGO 100-300-300 MG TAB | C8: 93.06069 | D8: Delstrigo (100,300,245mg, pack of 30) | E8: =_xlfn.MINIFS(Products!$K$2:$K$339,Products!$D$2:$D$339,"Delstrigo",Products!$H$2:$H$339,30,Products!$L$2:$L$339,"MSD") | F8: =C8/E8
A9: DIFICID | B9: DIFICID 200 MG TABLET | C9: 248.37854 | D9: no same-strength tablet in the SFDA list

Sheet Validation
A1: Id | B1: Check | C1: Status | D1: Result | E1: Rule
A2: V01 | B2: List rows without an SFDA id are quarantined | C2: warn | D2: 1 quarantined (Torixia) | E2: a row without a details link cannot be traced; it is kept aside, not loaded
A3: V02 | B3: Ids are unique after de-duplication | C3: pass | D3: 8,207 rows, 8,207 ids | E3: one row per id
A4: V03 | B4: Share of the list's rows that are distinct products | C4: warn | D4: 8,208 distinct of 9,173 rows read (89.5%); 459 pages of up to 20 (9,180) | E4: the list's order shifts between pages, so a page read later can repeat products and skip others; class products are filled in by searching each ingredient (V08)
A5: V04 | B5: Every product has a positive public price | C5: warn | D5: 2 without | E5: price > 0 SAR
A6: V05 | B6: Trade name, scientific name and dosage form are filled | C6: warn | D6: 1 rows missing one | E6: 0
A7: V06 | B7: Detail pages read for every followed product | C7: pass | D7: 338 read, 0 failed | E7: 0 failures
A8: V07 | B8: Followed products carry an ATC code | C8: pass | D8: 2 without (OLPUNTRAMET, OLPUNTRAMET) | E8: at most 5% without
A9: V08 | B9: Products found only by the ingredient search, not in the list read | C9: info | D9: 5 | E9: the list read missed them (see V03)
A10: V09 | B10: Pack size known for followed products | C10: pass | D10: 338 of 338 | E10: at least 90%, needed for price per unit
A11: V10 | B11: List price equals the price read again with the details | C11: warn | D11: 5 differ | E11: 0 (the two reads were minutes apart)
A12: V11 | B12: Database holds every staged row | C12: pass | D12: list 8,207, details 338 | E12: rows in = rows loaded
